{
  "model_name": "distilbert-base-uncased",
  "epochs": 3,
  "sample_size": 2000,
  "max_length": 256,
  "device": "cpu",
  "test_accuracy": 94.67,
  "test_f1": 94.56,
  "test_auc": 98.97,
  "training_history": {
    "train_loss": [
      0.5181039892349925,
      0.2168320268392563,
      0.11299583309463092
    ],
    "val_loss": [
      0.40107882709095355,
      0.2881606372784039,
      0.20668429682815545
    ],
    "val_acc": [
      0.8266666666666667,
      0.9266666666666666,
      0.95
    ],
    "val_f1": [
      0.8015267175572519,
      0.9225352112676056,
      0.9491525423728814
    ]
  }
}